station,series,date,md5,bytes
5c2bca0e2c80100019218e6b,5c2bca0e2c80100019218e6e,2025-01-01,038f5b906ec3a5bf26acc007ef3467f1,13944
5c2bca0e2c80100019218e6b,5c2bca0e2c80100019218e6d,2025-01-01,b8a4dbe15a912d922d804282c0265514,13756
5c2bca0e2c80100019218e6b,5c2bca0e2c80100019218e6c,2025-01-01,8cc6c13ca179249b5d0292392b6768ab,14214
5c2bca0e2c80100019218e6b,5c2bca0e2c80100019218e6e,2025-01-02,1301d0d3d75375f50fc89348a90cab7d,13816
5c2bca0e2c80100019218e6b,5c2bca0e2c80100019218e6d,2025-01-02,0508250842c872baef762406d5e7387c,13816
5c2bca0e2c80100019218e6b,5c2bca0e2c80100019218e6c,2025-01-02,5955a9a0029cedd5b2d9548dff937bc8,14276
5c2bca0e2c80100019218e6b,5c2bca0e2c80100019218e6e,2025-01-03,ae271024a9a3a28cea71e3121ecf1c1b,13786
5c2bca0e2c80100019218e6b,5c2bca0e2c80100019218e6d,2025-01-03,ba53e81537f1a73bed41acc41d42e70e,13906
5c2bca0e2c80100019218e6b,5c2bca0e2c80100019218e6c,2025-01-03,5e44970080dad7180c050a2e3a8188e2,14245
5c2bca0e2c80100019218e6b,5c2bca0e2c80100019218e6e,2025-01-04,9d77774764c29761f5d002b79df57f42,13999
5c2bca0e2c80100019218e6b,5c2bca0e2c80100019218e6d,2025-01-04,d4f5d635b8c195a19eee12f1371f0802,14018
5c2bca0e2c80100019218e6b,5c2bca0e2c80100019218e6c,2025-01-04,b59a43fe8a676d8334be8a140515bdca,14307
5c2bca0e2c80100019218e6b,5c2bca0e2c80100019218e6e,2025-01-05,222f757b6aed4b0643ce5720ef38eed6,14080
5c2bca0e2c80100019218e6b,5c2bca0e2c80100019218e6d,2025-01-05,cbd358636e3b7beaca2cde71886af920,13991
5c2bca0e2c80100019218e6b,5c2bca0e2c80100019218e6c,2025-01-05,c8840d8a3730dbcd7bd2a20a9cb2523e,14152
5c2bca0e2c80100019218e6b,5c2bca0e2c80100019218e6e,2025-01-06,c5ba83a3b5a1cadf99cf333f69d66185,13977
5c2bca0e2c80100019218e6b,5c2bca0e2c80100019218e6d,2025-01-06,13cf5d068d31fb5628cda26092b53b13,13899
5c2bca0e2c80100019218e6b,5c2bca0e2c80100019218e6c,2025-01-06,ec8c88b30d6882874668e4cc19c8bbdb,14307
5c2bca0e2c80100019218e6b,5c2bca0e2c80100019218e6e,2025-01-07,925a77e45861ffc754dbe994305dea43,13756
5c2bca0e2c80100019218e6b,5c2bca0e2c80100019218e6d,2025-01-07,cae9c6c6853e4b7175953471a5ce03d2,13756
5c2bca0e2c80100019218e6b,5c2bca0e2c80100019218e6c,2025-01-07,5d9b16f6a880434d3b8b95b0b57f1c23,14214
5c2bca0e2c80100019218e6b,5c2bca0e2c80100019218e6e,2025-01-08,40071fa410720350791e2645901d4e7e,13818
5c2bca0e2c80100019218e6b,5c2bca0e2c80100019218e6d,2025-01-08,4ec9e58e4b2d589a21f5f8467b3ffbc9,13816
5c2bca0e2c80100019218e6b,5c2bca0e2c80100019218e6c,2025-01-08,b38d983dab667843ef27037b8fa63593,14276
5c2bca0e2c80100019218e6b,5c2bca0e2c80100019218e6e,2025-01-09,6ba17bffc6ea62eaae3df1eab49b6dcd,13528
5c2bca0e2c80100019218e6b,5c2bca0e2c80100019218e6d,2025-01-09,eebc48013beefac0cdd834ebabeb64ce,13366
5c2bca0e2c80100019218e6b,5c2bca0e2c80100019218e6c,2025-01-09,f41123fd18a6e6f8bd0dc94122e8327e,13811
5c2bca0e2c80100019218e6b,5c2bca0e2c80100019218e6e,2025-01-10,d4efbb2a07cbe9eb9730d090764758a2,13955
5c2bca0e2c80100019218e6b,5c2bca0e2c80100019218e6d,2025-01-10,b52f091a2cdee13f5c2a56634b014b92,13756
5c2bca0e2c80100019218e6b,5c2bca0e2c80100019218e6c,2025-01-10,8829eb3e08ccff3cd026549e076586ed,14214
5c2bca0e2c80100019218e6b,5c2bca0e2c80100019218e6e,2025-01-11,ac608afa92aa1c835e41718fd64b65d1,13838
5c2bca0e2c80100019218e6b,5c2bca0e2c80100019218e6d,2025-01-11,0e4850e9cd19bacdc608235c58b6ae75,13837
5c2bca0e2c80100019218e6b,5c2bca0e2c80100019218e6c,2025-01-11,21e6db9a377258020e3cb40599bac3cd,14276
5c2bca0e2c80100019218e6b,5c2bca0e2c80100019218e6e,2025-01-12,df8dae38b798de194b98c3e1ed372234,13666
5c2bca0e2c80100019218e6b,5c2bca0e2c80100019218e6d,2025-01-12,062d5355db7414344918aaa6f60e6ac4,13740
5c2bca0e2c80100019218e6b,5c2bca0e2c80100019218e6c,2025-01-12,46e544f0a909383650f205e974870f1d,14121
5c2bca0e2c80100019218e6b,5c2bca0e2c80100019218e6e,2025-01-13,b762469f504d734b97501447f2b9415b,13807
5c2bca0e2c80100019218e6b,5c2bca0e2c80100019218e6d,2025-01-13,960a26aa226e3bdffabcffee08226013,14049
5c2bca0e2c80100019218e6b,5c2bca0e2c80100019218e6c,2025-01-13,032f8a05f8113f387bf0c0c100dafb2f,14152
5c2bca0e2c80100019218e6b,5c2bca0e2c80100019218e6e,2025-01-14,df4b913b8d4a4ffbcb3fe6ec3f7e05c3,14113
5c2bca0e2c80100019218e6b,5c2bca0e2c80100019218e6d,2025-01-14,ac391f884e95d6b015725a9a533856ac,14013
5c2bca0e2c80100019218e6b,5c2bca0e2c80100019218e6c,2025-01-14,d75d73b79a208151007224fc62984c3f,14276
5c2bca0e2c80100019218e6b,5c2bca0e2c80100019218e6e,2025-01-15,70c7a99b833d17d3a0fedc6852f0a408,14055
5c2bca0e2c80100019218e6b,5c2bca0e2c80100019218e6d,2025-01-15,f8756762ec0cff8cd318b7fa0c703458,13786
5c2bca0e2c80100019218e6b,5c2bca0e2c80100019218e6c,2025-01-15,7fb3c71131fb4403a73b59e55e38a15e,14245
5c2bca0e2c80100019218e6b,5c2bca0e2c80100019218e6e,2025-01-16,022775fb378137eaee600122c3459f3f,14106
5c2bca0e2c80100019218e6b,5c2bca0e2c80100019218e6d,2025-01-16,5e4800febd87deea640cdfc2137ce5a8,13786
5c2bca0e2c80100019218e6b,5c2bca0e2c80100019218e6c,2025-01-16,0fdb77c369d651245d9b95e4bbd84fdd,14245
5c2bca0e2c80100019218e6b,5c2bca0e2c80100019218e6e,2025-01-17,f775d8695ac44de255617984bec06971,14214
5c2bca0e2c80100019218e6b,5c2bca0e2c80100019218e6d,2025-01-17,6fe2322d55e541334218eb3554d45d26,13811
5c2bca0e2c80100019218e6b,5c2bca0e2c80100019218e6c,2025-01-17,fc257e5eaf236d83ae5b1d23ff24fd1b,14214
5c2bca0e2c80100019218e6b,5c2bca0e2c80100019218e6e,2025-01-18,58ecde42c478a1d56f98affdce17ab5c,14245
5c2bca0e2c80100019218e6b,5c2bca0e2c80100019218e6d,2025-01-18,8ccd0c2c7d2a59b8a197ed6dd95c0023,14158
5c2bca0e2c80100019218e6b,5c2bca0e2c80100019218e6c,2025-01-18,00a31e1bd5fc4743cfaaaaf169e9848f,14245
5c2bca0e2c80100019218e6b,5c2bca0e2c80100019218e6e,2025-01-19,4aebd34e9d300fe4be3ec75d286e49b5,14152
5c2bca0e2c80100019218e6b,5c2bca0e2c80100019218e6d,2025-01-19,fe7e4958e0d5ca2394e15932c11227d7,13872
5c2bca0e2c80100019218e6b,5c2bca0e2c80100019218e6c,2025-01-19,14f98ec6bdc8711cacfca4bf7e961151,14152
5c2bca0e2c80100019218e6b,5c2bca0e2c80100019218e6e,2025-01-20,3ab496e5b155bf4b73b5842b33fbdd68,14214
5c2bca0e2c80100019218e6b,5c2bca0e2c80100019218e6d,2025-01-20,4e6bc499e493652fa649f9992d15d9b8,13848
5c2bca0e2c80100019218e6b,5c2bca0e2c80100019218e6c,2025-01-20,50ae0e1af35b83b005a71a6cb0200a7f,14214
5c2bca0e2c80100019218e6b,5c2bca0e2c80100019218e6e,2025-01-21,2468770b1cd41caf98c576bd41c577cb,14214
5c2bca0e2c80100019218e6b,5c2bca0e2c80100019218e6d,2025-01-21,7ed39a5e67e8b3db42f4ff78de956af3,14155
5c2bca0e2c80100019218e6b,5c2bca0e2c80100019218e6c,2025-01-21,bbc1979f07871cca1c8a14395ff49caa,14214
5c2bca0e2c80100019218e6b,5c2bca0e2c80100019218e6e,2025-01-22,7f34f53b1033b5d70603717fdb5fb089,14245
5c2bca0e2c80100019218e6b,5c2bca0e2c80100019218e6d,2025-01-22,c1912b910a46ceb3e6ca0a0ce04a8367,13978
5c2bca0e2c80100019218e6b,5c2bca0e2c80100019218e6c,2025-01-22,82de6a38d9ecefe31a779cb3cdf5a658,14245
5c2bca0e2c80100019218e6b,5c2bca0e2c80100019218e6e,2025-01-24,2c148658c78aa8fd42775ca2f2d12150,14093
5c2bca0e2c80100019218e6b,5c2bca0e2c80100019218e6d,2025-01-24,8d9ad4dc19f44aa26f5f4b2baabc20d9,13798
5c2bca0e2c80100019218e6b,5c2bca0e2c80100019218e6c,2025-01-24,fb35eed088b64a85a151d545956142b3,14214
5c2bca0e2c80100019218e6b,5c2bca0e2c80100019218e6e,2025-01-25,dd1c9b3af1c61d9a90c34802d8a963b9,13786
5c2bca0e2c80100019218e6b,5c2bca0e2c80100019218e6d,2025-01-25,84127a468f19cf72cfcb5d4bf803ee76,13973
5c2bca0e2c80100019218e6b,5c2bca0e2c80100019218e6c,2025-01-25,290dc7b5ca0280a1560e09e269ccf3d1,14245
5c2bca0e2c80100019218e6b,5c2bca0e2c80100019218e6e,2025-01-26,483656488fc2b345040670cc4bc846c2,12417
5c2bca0e2c80100019218e6b,5c2bca0e2c80100019218e6d,2025-01-26,98be27fdd1023601951e9518082104db,12318
5c2bca0e2c80100019218e6b,5c2bca0e2c80100019218e6c,2025-01-26,baabe81a51192d53cde275d600e0993e,12726
5c2bca0e2c80100019218e6b,5c2bca0e2c80100019218e6e,2025-01-27,1ca7f287958a29d0aa5265b637f55cab,13493
5c2bca0e2c80100019218e6b,5c2bca0e2c80100019218e6d,2025-01-27,220bc257993f65b7bfa327c646a934e9,13573
5c2bca0e2c80100019218e6b,5c2bca0e2c80100019218e6c,2025-01-27,b30ac82e41970c2fd1d9829cca20def1,13935
5c2bca0e2c80100019218e6b,5c2bca0e2c80100019218e6e,2025-01-29,29553120c5968a40f1721556f7b04c66,14003
5c2bca0e2c80100019218e6b,5c2bca0e2c80100019218e6d,2025-01-29,ba76b49f14db99c77f6923c93cae3fe2,13846
5c2bca0e2c80100019218e6b,5c2bca0e2c80100019218e6c,2025-01-29,c228788045f82d13415c008740353074,14307
5c2bca0e2c80100019218e6b,5c2bca0e2c80100019218e6e,2025-01-30,59a722eb6448ac98e78eff92077124cf,13636
5c2bca0e2c80100019218e6b,5c2bca0e2c80100019218e6d,2025-01-30,3840d3d03aaa2fe33ec5908637e005dc,13636
5c2bca0e2c80100019218e6b,5c2bca0e2c80100019218e6c,2025-01-30,3890dc6aaa0b55356faf37d543682578,14090
5c2bca0e2c80100019218e6b,5c2bca0e2c80100019218e6e,2025-01-31,e49f3ce9b6c52830fd1837148629ebd6,13306
5c2bca0e2c80100019218e6b,5c2bca0e2c80100019218e6d,2025-01-31,769e2b228bcce5fda0e72c87470d64e3,13306
5c2bca0e2c80100019218e6b,5c2bca0e2c80100019218e6c,2025-01-31,ada71ad6abdede6fb4bea7d56f55780d,13749
5d78d78f953683001a412c1d,5d78d78f953683001a412c21,2025-01-01,e85bfa42ec0d5dc8228b38b443a76be4,17290
5d78d78f953683001a412c1d,5d78d78f953683001a412c20,2025-01-01,0336ed38be8dc6bb46afca7255694f1a,17176
5d78d78f953683001a412c1d,5d78d78f953683001a412c1f,2025-01-01,01dbf7a9103d02c52105fde492588b55,17748
5d78d78f953683001a412c1d,5d78d78f953683001a412c21,2025-01-02,ab56d21ad83514a253dc7918db184601,17176
5d78d78f953683001a412c1d,5d78d78f953683001a412c20,2025-01-02,88f945e0651c61b47c5642c209ded7bc,17236
5d78d78f953683001a412c1d,5d78d78f953683001a412c1f,2025-01-02,60fde408f29e89acbab11d6acbd31740,17873
5d78d78f953683001a412c1d,5d78d78f953683001a412c21,2025-01-03,fe90345c1396b98615392372a3b60c39,17146
5d78d78f953683001a412c1d,5d78d78f953683001a412c20,2025-01-03,d1640955a864113443d72f9aa848af12,17475
5d78d78f953683001a412c1d,5d78d78f953683001a412c1f,2025-01-03,32cd250018749ebd78375959da0980e4,17882
5d78d78f953683001a412c1d,5d78d78f953683001a412c21,2025-01-04,e8f5dcd0172758559808b596c3f40edd,17334
5d78d78f953683001a412c1d,5d78d78f953683001a412c20,2025-01-04,2f487aefd76ec92bdd366c31791daaa9,17841
5d78d78f953683001a412c1d,5d78d78f953683001a412c1f,2025-01-04,cc3676ab4869a27c1e01afd0914777b5,17841
5d78d78f953683001a412c1d,5d78d78f953683001a412c21,2025-01-05,fec5e5e82902e12cff76153316963cac,17693
5d78d78f953683001a412c1d,5d78d78f953683001a412c20,2025-01-05,8cd367ee8cb20bb1defcdea617a9837a,17872
5d78d78f953683001a412c1d,5d78d78f953683001a412c1f,2025-01-05,5458b07312f27d11c3eb34cd3508a959,18085
5d78d78f953683001a412c1d,5d78d78f953683001a412c21,2025-01-06,0248e5de8952dd1ca620fb4efba0dcd1,15964
5d78d78f953683001a412c1d,5d78d78f953683001a412c20,2025-01-06,59a64b4c790a54d010b01e8d606c3dd9,15951
5d78d78f953683001a412c1d,5d78d78f953683001a412c1f,2025-01-06,7287696c5b4c49c0ed853ec32022e26a,16746
5d78d78f953683001a412c1d,5d78d78f953683001a412c21,2025-01-07,60ffaeef7da4cd01256fc80785325108,17026
5d78d78f953683001a412c1d,5d78d78f953683001a412c20,2025-01-07,ee2c88b06e944aeaead74b4e82d7d183,17176
5d78d78f953683001a412c1d,5d78d78f953683001a412c1f,2025-01-07,1794cbf966e8bc3a5849139c860c2bf6,17879
5d78d78f953683001a412c1d,5d78d78f953683001a412c21,2025-01-08,f162a5a474af55b5a98ac06b05a87322,17176
5d78d78f953683001a412c1d,5d78d78f953683001a412c20,2025-01-08,c0bdf739df260e5fb5b98347b944c1e9,17305
5d78d78f953683001a412c1d,5d78d78f953683001a412c1f,2025-01-08,96187d7a8fc0ada2959dba25bb0764e9,18042
5d78d78f953683001a412c1d,5d78d78f953683001a412c21,2025-01-09,caacaa10956ce4c7cb209f96737e38f5,17460
5d78d78f953683001a412c1d,5d78d78f953683001a412c20,2025-01-09,877ad62c191b2a182df7bb711272ce6c,17764
5d78d78f953683001a412c1d,5d78d78f953683001a412c1f,2025-01-09,8751cc973a79f7e10e485662ba7fea40,18384
5d78d78f953683001a412c1d,5d78d78f953683001a412c21,2025-01-10,5fac707c21f0e3aabae82082159e0329,17453
5d78d78f953683001a412c1d,5d78d78f953683001a412c20,2025-01-10,a6e8af7e87e0598a227df5574e673f0c,17338
5d78d78f953683001a412c1d,5d78d78f953683001a412c1f,2025-01-10,a74ddfd2094801bde88237b226bbcef3,18352
5d78d78f953683001a412c1d,5d78d78f953683001a412c21,2025-01-11,a4f60b90137789d6b411c0182ffcf3e9,17064
5d78d78f953683001a412c1d,5d78d78f953683001a412c20,2025-01-11,5a21f931e2fbe2134e960f6feda0b854,17509
5d78d78f953683001a412c1d,5d78d78f953683001a412c1f,2025-01-11,037e3b34f69e8680c91e0434029fa59f,17932
5d78d78f953683001a412c1d,5d78d78f953683001a412c21,2025-01-12,425ef8c3f9b87161c25973ba04ef8896,16906
5d78d78f953683001a412c1d,5d78d78f953683001a412c20,2025-01-12,fe14949ef8b52ab06672022f0f50bdf5,17162
5d78d78f953683001a412c1d,5d78d78f953683001a412c1f,2025-01-12,1ceb216a57921b9e44bf76442e19a4b6,17562
5d78d78f953683001a412c1d,5d78d78f953683001a412c21,2025-01-13,249373c5c4c2bb2c392f3254fc176119,17263
5d78d78f953683001a412c1d,5d78d78f953683001a412c20,2025-01-13,a7f1266c2eb1325a7ae6ecd87d62b494,17653
5d78d78f953683001a412c1d,5d78d78f953683001a412c1f,2025-01-13,c4388e7a21410a912cebc2277e831813,17779
5d78d78f953683001a412c1d,5d78d78f953683001a412c21,2025-01-14,144d29b68ccea898ea866c7d7b9acd8c,17379
5d78d78f953683001a412c1d,5d78d78f953683001a412c20,2025-01-14,7b2ae06b503a80d1050a4041ba5e166a,17531
5d78d78f953683001a412c1d,5d78d78f953683001a412c1f,2025-01-14,a46398880d29fb83c13f2765bf0f9a2d,17998
5d78d78f953683001a412c1d,5d78d78f953683001a412c21,2025-01-15,914248938231c22d9bdafcd59f81592b,17578
5d78d78f953683001a412c1d,5d78d78f953683001a412c20,2025-01-15,547e95d0d352ca2c6240a31139b9ee51,17296
5d78d78f953683001a412c1d,5d78d78f953683001a412c1f,2025-01-15,8cda65d3717ff53b9e7d645c48a5d2d2,18448
5d78d78f953683001a412c1d,5d78d78f953683001a412c21,2025-01-16,61f6b83dbec9d93bf884eea97d0fc5ab,17548
5d78d78f953683001a412c1d,5d78d78f953683001a412c20,2025-01-16,5c7ff0ec560b19fe07c8a670ef2845ac,17326
5d78d78f953683001a412c1d,5d78d78f953683001a412c1f,2025-01-16,107379238bc40bfa6731c32bb1025e6d,18334
5d78d78f953683001a412c1d,5d78d78f953683001a412c21,2025-01-17,96c65695ceb7dd99c91763b76b0eda65,17562
5d78d78f953683001a412c1d,5d78d78f953683001a412c20,2025-01-17,35e94e45e2d5b9aeadf75e2ae9881b2e,17404
5d78d78f953683001a412c1d,5d78d78f953683001a412c1f,2025-01-17,52a22a497048164342c3eda093e97910,18248
5d78d78f953683001a412c1d,5d78d78f953683001a412c21,2025-01-18,f7443887491acd55352ffacd90dadd44,17716
5d78d78f953683001a412c1d,5d78d78f953683001a412c20,2025-01-18,444a329adc6afaeb67cb9ac356f5a854,17786
5d78d78f953683001a412c1d,5d78d78f953683001a412c1f,2025-01-18,0f9063333a31642a08c90aea88e93ed1,18303
5d78d78f953683001a412c1d,5d78d78f953683001a412c21,2025-01-19,07047b6d3bf23f71185ae7b6d21dbd8e,17748
5d78d78f953683001a412c1d,5d78d78f953683001a412c20,2025-01-19,fffb91361b99bb0a8bb2348d6d79b9df,17478
5d78d78f953683001a412c1d,5d78d78f953683001a412c1f,2025-01-19,9b8a0482335afbc62c3c71e5f463428b,18149
5d78d78f953683001a412c1d,5d78d78f953683001a412c21,2025-01-20,053f429aaaf73d45fba3636a6bdc7f84,17748
5d78d78f953683001a412c1d,5d78d78f953683001a412c20,2025-01-20,7fa1f407ac1ec518e3c977bb5e3d4633,17503
5d78d78f953683001a412c1d,5d78d78f953683001a412c1f,2025-01-20,7e882e9921a8a4508e486fa58bfe0b41,18075
5d78d78f953683001a412c1d,5d78d78f953683001a412c21,2025-01-21,25f5f093ee63b128ea5bc7de862062e1,17717
5d78d78f953683001a412c1d,5d78d78f953683001a412c20,2025-01-21,72c100cff0577f158ec0ab814fe161cc,17810
5d78d78f953683001a412c1d,5d78d78f953683001a412c1f,2025-01-21,92863d12056a0a423313bb94ef784c7a,18055
5d78d78f953683001a412c1d,5d78d78f953683001a412c21,2025-01-22,d8f205002ab8e3233b3eb270865c667e,17748
5d78d78f953683001a412c1d,5d78d78f953683001a412c20,2025-01-22,bb9f1862e7015c72d3a2bddc12cb0ea4,17542
5d78d78f953683001a412c1d,5d78d78f953683001a412c1f,2025-01-22,34b52a7314bae80639090a3daa7e7826,18081
5d78d78f953683001a412c1d,5d78d78f953683001a412c21,2025-01-24,da7f1d00190a61e86dd5ca8b17317006,17564
5d78d78f953683001a412c1d,5d78d78f953683001a412c20,2025-01-24,eaf6a39b6245ed0d5fbc796c5d5aaf0b,17432
5d78d78f953683001a412c1d,5d78d78f953683001a412c1f,2025-01-24,c8c10983b1c41d63c321fbc38a63e06f,18138
5d78d78f953683001a412c1d,5d78d78f953683001a412c21,2025-01-25,4dc5d8960abd832d9f9a40f9adb0014e,16456
5d78d78f953683001a412c1d,5d78d78f953683001a412c20,2025-01-25,0a6ca7bf4b5942dab106b78fca439fcb,16668
5d78d78f953683001a412c1d,5d78d78f953683001a412c1f,2025-01-25,9a7f6d9c762de70720b05a7f2d6d871d,17209
5d78d78f953683001a412c1d,5d78d78f953683001a412c21,2025-01-26,3118b194318b29dbe86897a628b413ca,15297
5d78d78f953683001a412c1d,5d78d78f953683001a412c20,2025-01-26,07feb21d86e1c473de644d7b84cca6b7,15258
5d78d78f953683001a412c1d,5d78d78f953683001a412c1f,2025-01-26,76507f2c378377a4d1931c3d95ca0d35,16039
5d78d78f953683001a412c1d,5d78d78f953683001a412c21,2025-01-27,0fd5ac3f9cfd577c760febce8b658ebb,16636
5d78d78f953683001a412c1d,5d78d78f953683001a412c20,2025-01-27,303971821ba7522e1560a4dc3509e9d0,16696
5d78d78f953683001a412c1d,5d78d78f953683001a412c1f,2025-01-27,6c7f5ebe31a6e9aac09edf31225479a5,17458
5d78d78f953683001a412c1d,5d78d78f953683001a412c21,2025-01-29,d811aed34c9f0a1c485f426a0beace77,17277
5d78d78f953683001a412c1d,5d78d78f953683001a412c20,2025-01-29,385a6efa0473353b48d629dfedb763d8,17206
5d78d78f953683001a412c1d,5d78d78f953683001a412c1f,2025-01-29,fe015af192902bd500e2a9948bc158e4,18058
5d78d78f953683001a412c1d,5d78d78f953683001a412c21,2025-01-30,908bf04cbb1410da687d9c9d2ac2f04e,16906
5d78d78f953683001a412c1d,5d78d78f953683001a412c20,2025-01-30,206817cf3465fbb6137f8f595f2d82a0,16966
5d78d78f953683001a412c1d,5d78d78f953683001a412c1f,2025-01-30,3d14ed029ceffb695e7a2edb0b67c282,17544
5d78d78f953683001a412c1d,5d78d78f953683001a412c21,2025-01-31,7c50ec9b6a1b4b9bc32a5efc8e63bb23,16576
5d78d78f953683001a412c1d,5d78d78f953683001a412c20,2025-01-31,5b56b5fda1b4af2c6667b1c9255a2e32,16726
5d78d78f953683001a412c1d,5d78d78f953683001a412c1f,2025-01-31,899ba32397736acdec6f477a8f5a107b,17505
5cd9440aff898b001a3ba6c0,5cd9440aff898b001a3ba6c3,2025-01-01,eac153aa2cc9ad9fa9fa3944aa6a324e,17143
5cd9440aff898b001a3ba6c0,5cd9440aff898b001a3ba6c2,2025-01-01,1314ac6dd6bdabdc035604c107130b15,17026
5cd9440aff898b001a3ba6c0,5cd9440aff898b001a3ba6c1,2025-01-01,6e4aa9985e7aac97ed56b5eac1e9d734,17593
5cd9440aff898b001a3ba6c0,5cd9440aff898b001a3ba6c3,2025-01-02,0c09b4a1dac732af347d22d31d194965,17177
5cd9440aff898b001a3ba6c0,5cd9440aff898b001a3ba6c2,2025-01-02,54feeba34b7d17600e253b1b2d218213,17176
5cd9440aff898b001a3ba6c0,5cd9440aff898b001a3ba6c1,2025-01-02,9dbf5c71f202d7e845c4d28fef14d614,17748
5cd9440aff898b001a3ba6c0,5cd9440aff898b001a3ba6c3,2025-01-03,cbc4e6b0128700a017aaf561ea475e56,17057
5cd9440aff898b001a3ba6c0,5cd9440aff898b001a3ba6c2,2025-01-03,9857a815e721fd1fa466873660092e7f,17247
5cd9440aff898b001a3ba6c0,5cd9440aff898b001a3ba6c1,2025-01-03,6d79d9f5a7576d1e6e2fa4386a696120,17624
5cd9440aff898b001a3ba6c0,5cd9440aff898b001a3ba6c3,2025-01-04,b2b17a8070353c2a401c6e4a8f9b2296,17341
5cd9440aff898b001a3ba6c0,5cd9440aff898b001a3ba6c2,2025-01-04,376f7155f3ebc9c2b00ece0641f586ff,17510
5cd9440aff898b001a3ba6c0,5cd9440aff898b001a3ba6c1,2025-01-04,56715cca419b9fd600d2528580308275,17810
5cd9440aff898b001a3ba6c0,5cd9440aff898b001a3ba6c3,2025-01-05,e9c370ec46d1ec9af0158d270d19f1d2,17457
5cd9440aff898b001a3ba6c0,5cd9440aff898b001a3ba6c2,2025-01-05,d8d1a53de48d48e5321968f13001d0c5,17515
5cd9440aff898b001a3ba6c0,5cd9440aff898b001a3ba6c1,2025-01-05,d172c0ede256eb042615be8e84c4fd2b,17748
5cd9440aff898b001a3ba6c0,5cd9440aff898b001a3ba6c3,2025-01-06,9f5bc66df95a1a75e5f59e73a09ff182,17312
5cd9440aff898b001a3ba6c0,5cd9440aff898b001a3ba6c2,2025-01-06,801b8d7a5678ee5bab1f95c560385410,17297
5cd9440aff898b001a3ba6c0,5cd9440aff898b001a3ba6c1,2025-01-06,ee4da1d436205a59891385ab5720c08e,17748
5cd9440aff898b001a3ba6c0,5cd9440aff898b001a3ba6c3,2025-01-07,00b8937b098f5eabdeb499464cc6bdc9,17178
5cd9440aff898b001a3ba6c0,5cd9440aff898b001a3ba6c2,2025-01-07,a48155ae7c27ee81b46d5fa0bfd49bce,17176
5cd9440aff898b001a3ba6c0,5cd9440aff898b001a3ba6c1,2025-01-07,d9101b14ef134ec7ce64f6e06df87a9a,17748
5cd9440aff898b001a3ba6c0,5cd9440aff898b001a3ba6c3,2025-01-08,d4eb09439f591b8cde1e7ad0e68eefc5,17157
5cd9440aff898b001a3ba6c0,5cd9440aff898b001a3ba6c2,2025-01-08,8cd6b2e70ca2286992110dbdaad305d3,17148
5cd9440aff898b001a3ba6c0,5cd9440aff898b001a3ba6c1,2025-01-08,e4d9b725e22695e1d7d99b629002a53d,17717
5cd9440aff898b001a3ba6c0,5cd9440aff898b001a3ba6c3,2025-01-09,d4b6cfaaa0cf6b45daf1b4a37193c87e,17293
5cd9440aff898b001a3ba6c0,5cd9440aff898b001a3ba6c2,2025-01-09,3f90c6a4a9a2c698e34fb21b18d473f5,17086
5cd9440aff898b001a3ba6c0,5cd9440aff898b001a3ba6c1,2025-01-09,10927cd81c0c61024fa12c23dbc6f9b8,17655
5cd9440aff898b001a3ba6c0,5cd9440aff898b001a3ba6c3,2025-01-10,d65a4adf865fffe153e5c5dce3ff9e1c,17499
5cd9440aff898b001a3ba6c0,5cd9440aff898b001a3ba6c2,2025-01-10,bbb4b7983323464766422dec7b6c1410,17146
5cd9440aff898b001a3ba6c0,5cd9440aff898b001a3ba6c1,2025-01-10,59411c56f5cb6fd1af73a5892acb56f4,17717
5cd9440aff898b001a3ba6c0,5cd9440aff898b001a3ba6c3,2025-01-11,675b5ad6c8dc7f85dd050be886f5005e,17257
5cd9440aff898b001a3ba6c0,5cd9440aff898b001a3ba6c2,2025-01-11,549126e7abf3b86163d21bac0925dafc,17270
5cd9440aff898b001a3ba6c0,5cd9440aff898b001a3ba6c1,2025-01-11,c18e9def98616c95ffdce5536174ba3c,17748
5cd9440aff898b001a3ba6c0,5cd9440aff898b001a3ba6c3,2025-01-12,8196ae3955674e25015af6ffe2748869,17088
5cd9440aff898b001a3ba6c0,5cd9440aff898b001a3ba6c2,2025-01-12,bc36e0c5083a81b3ce15424a137b886b,17155
5cd9440aff898b001a3ba6c0,5cd9440aff898b001a3ba6c1,2025-01-12,7f9f1f7c3681478add293b91a1a8fcb3,17655
5cd9440aff898b001a3ba6c0,5cd9440aff898b001a3ba6c3,2025-01-13,f7f43b2429f4b973aa1c6e5ded59718d,17139
5cd9440aff898b001a3ba6c0,5cd9440aff898b001a3ba6c2,2025-01-13,7941e49fe7f7343e150db5f5cc786124,17534
5cd9440aff898b001a3ba6c0,5cd9440aff898b001a3ba6c1,2025-01-13,5f8dd72ae6be85477492b0516e03b993,17624
5cd9440aff898b001a3ba6c0,5cd9440aff898b001a3ba6c3,2025-01-14,5efeccf341f6b838f282f24d8bb0c9b9,17336
5cd9440aff898b001a3ba6c0,5cd9440aff898b001a3ba6c2,2025-01-14,bd05ad8735600c2edf7107cce23d7dad,17407
5cd9440aff898b001a3ba6c0,5cd9440aff898b001a3ba6c1,2025-01-14,b09345901e55679d785fde554b084d2a,17748
5cd9440aff898b001a3ba6c0,5cd9440aff898b001a3ba6c3,2025-01-15,d3a5e7a3bf5cfb778e666467b5390564,17381
5cd9440aff898b001a3ba6c0,5cd9440aff898b001a3ba6c2,2025-01-15,05e04711975cf22a5f025379e8dbbf96,17146
5cd9440aff898b001a3ba6c0,5cd9440aff898b001a3ba6c1,2025-01-15,d20729237dad824574426010642bb339,17717
5cd9440aff898b001a3ba6c0,5cd9440aff898b001a3ba6c3,2025-01-16,8604f150529403a3930294376b953f86,17338
5cd9440aff898b001a3ba6c0,5cd9440aff898b001a3ba6c2,2025-01-16,1fa8caec4c7d8f7dd24c95fb0ed96f37,17146
5cd9440aff898b001a3ba6c0,5cd9440aff898b001a3ba6c1,2025-01-16,93262772ff8e2a9aeaa00e5f3191c9f7,17717
5cd9440aff898b001a3ba6c0,5cd9440aff898b001a3ba6c3,2025-01-17,a64834685ee7438a864d6a64e6e961e9,17626
5cd9440aff898b001a3ba6c0,5cd9440aff898b001a3ba6c2,2025-01-17,584a3bb9c28914786168b41dd4eeaee8,17145
5cd9440aff898b001a3ba6c0,5cd9440aff898b001a3ba6c1,2025-01-17,89450c91b94c3a94f5db9814eaf3e6e4,17655
5cd9440aff898b001a3ba6c0,5cd9440aff898b001a3ba6c3,2025-01-18,80b1f7cfbcbedfcfb4f68e55153f21d0,17460
5cd9440aff898b001a3ba6c0,5cd9440aff898b001a3ba6c2,2025-01-18,60f1ca6574cafd8a4a1f6d9ef1417f96,17512
5cd9440aff898b001a3ba6c0,5cd9440aff898b001a3ba6c1,2025-01-18,1619259de39e3eb90d2849b47308d177,17655
5cd9440aff898b001a3ba6c0,5cd9440aff898b001a3ba6c3,2025-01-19,3f6c8f5a2e50ebfe86be77a959436460,17684
5cd9440aff898b001a3ba6c0,5cd9440aff898b001a3ba6c2,2025-01-19,ab414afcb6b50e78a2525930c4e820d7,17352
5cd9440aff898b001a3ba6c0,5cd9440aff898b001a3ba6c1,2025-01-19,6c937678eaf4aa4e1c13e14558bfdb7d,17686
5cd9440aff898b001a3ba6c0,5cd9440aff898b001a3ba6c3,2025-01-20,0600c7099fae2429dc3cb6dee757ccc6,17719
5cd9440aff898b001a3ba6c0,5cd9440aff898b001a3ba6c2,2025-01-20,c16a21bb4d010a2f7971265edbec562b,17310
5cd9440aff898b001a3ba6c0,5cd9440aff898b001a3ba6c1,2025-01-20,11db3a811da06bbd6637e3c1cdeaa435,17748
5cd9440aff898b001a3ba6c0,5cd9440aff898b001a3ba6c3,2025-01-21,69388e50df81c10f497694f95ea308eb,17624
5cd9440aff898b001a3ba6c0,5cd9440aff898b001a3ba6c2,2025-01-21,d65e1a9efb5647080dd46d820bc3f360,17545
5cd9440aff898b001a3ba6c0,5cd9440aff898b001a3ba6c1,2025-01-21,d730876eeb5c9d248f9ad9d235a0d206,17624
5cd9440aff898b001a3ba6c0,5cd9440aff898b001a3ba6c3,2025-01-22,422b3fc1af8eda8dbae352bd41731626,17686
5cd9440aff898b001a3ba6c0,5cd9440aff898b001a3ba6c2,2025-01-22,1d48fc3f180f2b103d71ba3b21565987,17360
5cd9440aff898b001a3ba6c0,5cd9440aff898b001a3ba6c1,2025-01-22,7295f7fa748fb3d077787e824b32fb13,17686
5cd9440aff898b001a3ba6c0,5cd9440aff898b001a3ba6c3,2025-01-24,7de7a060e600a9c8524c6f04af7a8068,17534
5cd9440aff898b001a3ba6c0,5cd9440aff898b001a3ba6c2,2025-01-24,c867c24d45b922c40281fe65617294b0,17098
5cd9440aff898b001a3ba6c0,5cd9440aff898b001a3ba6c1,2025-01-24,5b3b6bedf4231929640935fe9bd10c66,17624
5cd9440aff898b001a3ba6c0,5cd9440aff898b001a3ba6c3,2025-01-25,d1b8d0af16152f2fd49617846fdc984f,17151
5cd9440aff898b001a3ba6c0,5cd9440aff898b001a3ba6c2,2025-01-25,5439dbab0137ba5b9465dfda98dfc70e,17387
5cd9440aff898b001a3ba6c0,5cd9440aff898b001a3ba6c1,2025-01-25,85ddd302f6ee761259c8480f157936fc,17717
5cd9440aff898b001a3ba6c0,5cd9440aff898b001a3ba6c3,2025-01-26,a2464efce3ff284a4ffd39c74d6ee395,15253
5cd9440aff898b001a3ba6c0,5cd9440aff898b001a3ba6c2,2025-01-26,90c2de7019df24dd6218d28bdcba70cf,15207
5cd9440aff898b001a3ba6c0,5cd9440aff898b001a3ba6c1,2025-01-26,7ebef2c28f18c2b462c50f18e54e6ac5,15671
5cd9440aff898b001a3ba6c0,5cd9440aff898b001a3ba6c3,2025-01-27,5244bf092cbd92e5e7c7f3e81d1be3bf,16607
5cd9440aff898b001a3ba6c0,5cd9440aff898b001a3ba6c2,2025-01-27,d98393dbb645e2d221673db9f0ace5a6,16748
5cd9440aff898b001a3ba6c0,5cd9440aff898b001a3ba6c1,2025-01-27,1422b2dbde11ff3247346a5513d538d3,17159
5cd9440aff898b001a3ba6c0,5cd9440aff898b001a3ba6c3,2025-01-29,222c4930638d0447a3db0b5b8114293c,17387
5cd9440aff898b001a3ba6c0,5cd9440aff898b001a3ba6c2,2025-01-29,600f44eb655f44635e2d96b90a70c5ce,17206
5cd9440aff898b001a3ba6c0,5cd9440aff898b001a3ba6c1,2025-01-29,0e9e149a29f5c44d5b08d3adb9072151,17779
5cd9440aff898b001a3ba6c0,5cd9440aff898b001a3ba6c3,2025-01-30,768fcb39dd67626594a9e17386e8a50a,17004
5cd9440aff898b001a3ba6c0,5cd9440aff898b001a3ba6c2,2025-01-30,193334bad2647738a1852885d1d35dcb,16996
5cd9440aff898b001a3ba6c0,5cd9440aff898b001a3ba6c1,2025-01-30,511d69796daa632c9d3990e988a3b0bc,17562
5cd9440aff898b001a3ba6c0,5cd9440aff898b001a3ba6c3,2025-01-31,6d9d12aa14a25c953b2ade0b61c6ca3f,16249
5cd9440aff898b001a3ba6c0,5cd9440aff898b001a3ba6c2,2025-01-31,7dc8158c6f058fc44f1418d28ac67666,16246
5cd9440aff898b001a3ba6c0,5cd9440aff898b001a3ba6c1,2025-01-31,efdab5e92a2b0bbac7460a81ccfe6094,16787
638e0a9185229d001bbc8cd3,638e0a9185229d001bbc8cd7,2025-01-01,cdf2ea688bcabe6e0ed7006bed2566f0,17192
638e0a9185229d001bbc8cd3,638e0a9185229d001bbc8cd6,2025-01-01,65135606a0552d51c0e8d20187881bb0,17086
638e0a9185229d001bbc8cd3,638e0a9185229d001bbc8cd5,2025-01-01,2aef91a46f60c7199e261123e6a2b443,18011
638e0a9185229d001bbc8cd3,638e0a9185229d001bbc8cd7,2025-01-02,f5ce6d0de1465a0c3c5e7b306e19691c,17207
638e0a9185229d001bbc8cd3,638e0a9185229d001bbc8cd6,2025-01-02,84739364d8caccd4c6a4d98ef0e89611,17206
638e0a9185229d001bbc8cd3,638e0a9185229d001bbc8cd5,2025-01-02,20bd9b4d14d9b647e883a60d4ed6da79,18352
638e0a9185229d001bbc8cd3,638e0a9185229d001bbc8cd7,2025-01-03,b88d27540769a170505afd8f46e42ead,17176
638e0a9185229d001bbc8cd3,638e0a9185229d001bbc8cd6,2025-01-03,b11216b0fc20ea101411cc8e829cbcc8,17198
638e0a9185229d001bbc8cd3,638e0a9185229d001bbc8cd5,2025-01-03,c9099702bfbf4407fca72bdbfdac8db1,18275
638e0a9185229d001bbc8cd3,638e0a9185229d001bbc8cd7,2025-01-04,098abfdff7771675620485a9f689e0ca,17300
638e0a9185229d001bbc8cd3,638e0a9185229d001bbc8cd6,2025-01-04,d1e1d6a16841714423fed14d2d1f64ca,17266
638e0a9185229d001bbc8cd3,638e0a9185229d001bbc8cd5,2025-01-04,1a3c4d300d241690a98d447de8b386b2,18416
638e0a9185229d001bbc8cd3,638e0a9185229d001bbc8cd7,2025-01-05,6f924720465366ecd66f62ed8b1454ca,17240
638e0a9185229d001bbc8cd3,638e0a9185229d001bbc8cd6,2025-01-05,8169a762558e586f08c8a2728401fb5b,17544
638e0a9185229d001bbc8cd3,638e0a9185229d001bbc8cd5,2025-01-05,bd98d8d71ea10c7013f477b8d11ab59f,18367
638e0a9185229d001bbc8cd3,638e0a9185229d001bbc8cd7,2025-01-06,70e1e4556bf0c3d398f4f4a5d56c0e1c,17179
638e0a9185229d001bbc8cd3,638e0a9185229d001bbc8cd6,2025-01-06,dd40834e3e1f85d29a596545fc7e778a,17273
638e0a9185229d001bbc8cd3,638e0a9185229d001bbc8cd5,2025-01-06,9094c87b2eaa1a8911d592b1719dfd1b,18231
638e0a9185229d001bbc8cd3,638e0a9185229d001bbc8cd7,2025-01-07,7738a07e753928b194745ae880f99b78,17210
638e0a9185229d001bbc8cd3,638e0a9185229d001bbc8cd6,2025-01-07,db17e6f5719967ff367f1dec32fad4e1,17206
638e0a9185229d001bbc8cd3,638e0a9185229d001bbc8cd5,2025-01-07,0f445bac3129869524d3193765c71439,17950
638e0a9185229d001bbc8cd3,638e0a9185229d001bbc8cd7,2025-01-08,0ee9a4499df55c62bbbddf955bcda159,17177
638e0a9185229d001bbc8cd3,638e0a9185229d001bbc8cd6,2025-01-08,3192570a90b1e6137b644e33d9cde722,17176
638e0a9185229d001bbc8cd3,638e0a9185229d001bbc8cd5,2025-01-08,9741af63101268f7680ec851715c9014,18238
638e0a9185229d001bbc8cd3,638e0a9185229d001bbc8cd7,2025-01-09,5dfec88bc9ce436550082d6e789665c0,17206
638e0a9185229d001bbc8cd3,638e0a9185229d001bbc8cd6,2025-01-09,4df9a8de7245ac1189ece21e8265e084,17206
638e0a9185229d001bbc8cd3,638e0a9185229d001bbc8cd5,2025-01-09,58fee17e6efe9873856a26c64445a03d,18352
638e0a9185229d001bbc8cd3,638e0a9185229d001bbc8cd7,2025-01-10,a715ad95314e571e34fcffcbc5945b62,17199
638e0a9185229d001bbc8cd3,638e0a9185229d001bbc8cd6,2025-01-10,fb30c8918e0871d543fe462673a89932,17176
638e0a9185229d001bbc8cd3,638e0a9185229d001bbc8cd5,2025-01-10,b575d354e42af04608b1756cca30d4d4,18320
638e0a9185229d001bbc8cd3,638e0a9185229d001bbc8cd7,2025-01-11,310fcd11da670709f58569eb17962ca8,17237
638e0a9185229d001bbc8cd3,638e0a9185229d001bbc8cd6,2025-01-11,948f38206895ff53d5841f3312bbb12f,17236
638e0a9185229d001bbc8cd3,638e0a9185229d001bbc8cd5,2025-01-11,7de196dbccc83293e4f3ce400663b6b5,18384
638e0a9185229d001bbc8cd3,638e0a9185229d001bbc8cd7,2025-01-12,cdce1efe7507e1de7fcaf551e1c1a6a5,17146
638e0a9185229d001bbc8cd3,638e0a9185229d001bbc8cd6,2025-01-12,57e05d81861a6ba389af21f12235974e,17146
638e0a9185229d001bbc8cd3,638e0a9185229d001bbc8cd5,2025-01-12,b430359e45108f1cf09ac1975931bcb7,17975
638e0a9185229d001bbc8cd3,638e0a9185229d001bbc8cd7,2025-01-13,32e13d3ae994520eeff3d203ea3efde1,17124
638e0a9185229d001bbc8cd3,638e0a9185229d001bbc8cd6,2025-01-13,f14eb3894d3b8ec7639bf072b1a8795b,17337
638e0a9185229d001bbc8cd3,638e0a9185229d001bbc8cd5,2025-01-13,99408477966e84e605bcbc368db0abc0,17971
638e0a9185229d001bbc8cd3,638e0a9185229d001bbc8cd7,2025-01-14,d8a0cb5321c3e435918da0d611794431,17338
638e0a9185229d001bbc8cd3,638e0a9185229d001bbc8cd6,2025-01-14,0c21d9da8dd17c45972ab5b2254ca883,17432
638e0a9185229d001bbc8cd3,638e0a9185229d001bbc8cd5,2025-01-14,0f3998a216917a5c8ec66d48d0b481ae,18166
638e0a9185229d001bbc8cd3,638e0a9185229d001bbc8cd7,2025-01-15,655f2582b34ca199d0ef16ff60031d38,17350
638e0a9185229d001bbc8cd3,638e0a9185229d001bbc8cd6,2025-01-15,aa87a259db38ab4d05ff4ea87c091cbc,17176
638e0a9185229d001bbc8cd3,638e0a9185229d001bbc8cd5,2025-01-15,5bf5d0194726a9030f1eed61216c1c62,18320
638e0a9185229d001bbc8cd3,638e0a9185229d001bbc8cd7,2025-01-16,2a67900c1f0004c2a9b7df957a53b900,17273
638e0a9185229d001bbc8cd3,638e0a9185229d001bbc8cd6,2025-01-16,2c531c7b95bd9c4380e46e04f3a3ce8d,17116
638e0a9185229d001bbc8cd3,638e0a9185229d001bbc8cd5,2025-01-16,bcae7d7f1caffc5deb3e7939f371a671,18256
638e0a9185229d001bbc8cd3,638e0a9185229d001bbc8cd7,2025-01-17,34e0159c8b19fac0218cc6ed963cf68f,17635
638e0a9185229d001bbc8cd3,638e0a9185229d001bbc8cd6,2025-01-17,e94d20471589905915151b6921745f78,17131
638e0a9185229d001bbc8cd3,638e0a9185229d001bbc8cd5,2025-01-17,4bffaca7931fbf1a2f5af8e8c3b608a9,18256
638e0a9185229d001bbc8cd3,638e0a9185229d001bbc8cd7,2025-01-18,888123f14cf3834ebe92e8751b52b8ff,17531
638e0a9185229d001bbc8cd3,638e0a9185229d001bbc8cd6,2025-01-18,3f02c0fa3353a7a4b5a7375605c05f22,17436
638e0a9185229d001bbc8cd3,638e0a9185229d001bbc8cd5,2025-01-18,821769820bf1b1b3b3c5a76a789e5e5d,18284
638e0a9185229d001bbc8cd3,638e0a9185229d001bbc8cd7,2025-01-19,947768c47da5b4eeefeac730323c1a66,17617
638e0a9185229d001bbc8cd3,638e0a9185229d001bbc8cd6,2025-01-19,2698ae4ee27354fc99038a589a114971,17370
638e0a9185229d001bbc8cd3,638e0a9185229d001bbc8cd5,2025-01-19,7051e449828c6e26770e943d94a2ccba,18150
638e0a9185229d001bbc8cd3,638e0a9185229d001bbc8cd7,2025-01-20,50cc22c46783ba8226e2246c874d3162,17662
638e0a9185229d001bbc8cd3,638e0a9185229d001bbc8cd6,2025-01-20,77e6d14badd3ac60130f27ceef7c59da,17233
638e0a9185229d001bbc8cd3,638e0a9185229d001bbc8cd5,2025-01-20,5ff9608367982aa85275cac0bfc3edc1,18143
638e0a9185229d001bbc8cd3,638e0a9185229d001bbc8cd7,2025-01-21,4d3fe8bf85c74da77fbd793e155d050d,17717
638e0a9185229d001bbc8cd3,638e0a9185229d001bbc8cd6,2025-01-21,903cf2a954811c59c7aea4bd2d230eb2,17362
638e0a9185229d001bbc8cd3,638e0a9185229d001bbc8cd5,2025-01-21,185ac042bf70159980ac98404afc2b66,18288
638e0a9185229d001bbc8cd3,638e0a9185229d001bbc8cd7,2025-01-22,1f7b21252a41c096540424b6cd7fe47a,17676
638e0a9185229d001bbc8cd3,638e0a9185229d001bbc8cd6,2025-01-22,e8ba5c05f279c4ce92176c99c2d44c6a,17395
638e0a9185229d001bbc8cd3,638e0a9185229d001bbc8cd5,2025-01-22,b042be3bda42498b6844e5c1daca4dd9,18264
638e0a9185229d001bbc8cd3,638e0a9185229d001bbc8cd7,2025-01-24,c27e7258c14844297dd4e04b04a830c2,17368
638e0a9185229d001bbc8cd3,638e0a9185229d001bbc8cd6,2025-01-24,82fa66a6b7e227d97b0c36b5a22dfcdf,17176
638e0a9185229d001bbc8cd3,638e0a9185229d001bbc8cd5,2025-01-24,9a6c23568763cea0736ca873fc5c300e,18320
638e0a9185229d001bbc8cd3,638e0a9185229d001bbc8cd7,2025-01-25,c9c7813dd003aec24ee1de690fb4f16c,17185
638e0a9185229d001bbc8cd3,638e0a9185229d001bbc8cd6,2025-01-25,0d3274f94702c27bb89988f11872ce05,17445
638e0a9185229d001bbc8cd3,638e0a9185229d001bbc8cd5,2025-01-25,a4154599bb6566387adb0c09f38b1d1a,18165
638e0a9185229d001bbc8cd3,638e0a9185229d001bbc8cd7,2025-01-26,8b1d6c7e22593252eee81ec8ac8daa94,15199
638e0a9185229d001bbc8cd3,638e0a9185229d001bbc8cd6,2025-01-26,a5bb3f85255df589dcef3b331ae361f1,15245
638e0a9185229d001bbc8cd3,638e0a9185229d001bbc8cd5,2025-01-26,5d969467d06f5a70f47a415b78b07d84,16208
638e0a9185229d001bbc8cd3,638e0a9185229d001bbc8cd7,2025-01-27,e5dd74f27e577175a55db291e73353ed,13311
638e0a9185229d001bbc8cd3,638e0a9185229d001bbc8cd6,2025-01-27,3c2414303a6f60a3b26fd2657cd42631,13443
638e0a9185229d001bbc8cd3,638e0a9185229d001bbc8cd5,2025-01-27,bb4a2720c6382e0463bff7200818a756,14192
61edcc57f4d1e2001c57dc87,61edcc57f4d1e2001c57dc8b,2025-01-01,c73320acbbe7fdfaa2a14512c847c2a5,17190
61edcc57f4d1e2001c57dc87,61edcc57f4d1e2001c57dc8a,2025-01-01,4bacc42081d4b78128438f1521448a4a,17190
61edcc57f4d1e2001c57dc87,61edcc57f4d1e2001c57dc89,2025-01-01,8173fe5d0c81cc2d7b60830c2a98ed4b,17744
61edcc57f4d1e2001c57dc87,61edcc57f4d1e2001c57dc8b,2025-01-02,011d3dcf21a0aec1f1788db72c43474c,17540
61edcc57f4d1e2001c57dc87,61edcc57f4d1e2001c57dc8a,2025-01-02,39b4b75530356be0a0d5f5dd74d17487,17543
61edcc57f4d1e2001c57dc87,61edcc57f4d1e2001c57dc89,2025-01-02,6c3f7ba2fdaf4ed83c4e8d0c32becc3d,18192
61edcc57f4d1e2001c57dc87,61edcc57f4d1e2001c57dc8b,2025-01-03,98cbf05072fc1f0000878f1bc5bf9e2d,17296
61edcc57f4d1e2001c57dc87,61edcc57f4d1e2001c57dc8a,2025-01-03,d9c179374831393eafe35a221b68ec35,17389
61edcc57f4d1e2001c57dc87,61edcc57f4d1e2001c57dc89,2025-01-03,5ed54ffd0d3a94cdc6f0a12d4bd81514,18039
61edcc57f4d1e2001c57dc87,61edcc57f4d1e2001c57dc8b,2025-01-04,0c8557c546b63374c06de20dc40bc32e,17181
61edcc57f4d1e2001c57dc87,61edcc57f4d1e2001c57dc8a,2025-01-04,03587a04f83d66e1348ae815c137bc49,17570
61edcc57f4d1e2001c57dc87,61edcc57f4d1e2001c57dc89,2025-01-04,f31c1291956113751d137df6d4c722ce,17748
61edcc57f4d1e2001c57dc87,61edcc57f4d1e2001c57dc8b,2025-01-05,317722e90adecb61889f4d51baeaa87e,16988
61edcc57f4d1e2001c57dc87,61edcc57f4d1e2001c57dc8a,2025-01-05,ab5cc7b93ff41e8e5537f5025477ebac,17345
61edcc57f4d1e2001c57dc87,61edcc57f4d1e2001c57dc89,2025-01-05,47f3a35da7e3fac29de3fe01961e0bec,17702
61edcc57f4d1e2001c57dc87,61edcc57f4d1e2001c57dc8b,2025-01-06,a041fadb504273b75cee771191512cf3,17712
61edcc57f4d1e2001c57dc87,61edcc57f4d1e2001c57dc8a,2025-01-06,f32cd48488f806df7f43c0c7b206d27d,17555
61edcc57f4d1e2001c57dc87,61edcc57f4d1e2001c57dc89,2025-01-06,a8408693f8a02198522cf79d4bcfa9b1,18384
61edcc57f4d1e2001c57dc87,61edcc57f4d1e2001c57dc8b,2025-01-07,46bac6db9428d80a91036cdafc6ad0c9,17237
61edcc57f4d1e2001c57dc87,61edcc57f4d1e2001c57dc8a,2025-01-07,5d6de65f085f611c3fd609647a87e77a,17387
61edcc57f4d1e2001c57dc87,61edcc57f4d1e2001c57dc89,2025-01-07,1625b2c12e1a220d307c9f6f011277bb,18058
61edcc57f4d1e2001c57dc87,61edcc57f4d1e2001c57dc8b,2025-01-08,403edc4ff525e209ef19f1bc070faa53,17236
61edcc57f4d1e2001c57dc87,61edcc57f4d1e2001c57dc8a,2025-01-08,85064e4bdf4c3b49927b00c164069884,17238
61edcc57f4d1e2001c57dc87,61edcc57f4d1e2001c57dc89,2025-01-08,556babe34bf19e89192f97f994113ad9,17830
61edcc57f4d1e2001c57dc87,61edcc57f4d1e2001c57dc8b,2025-01-09,2eb036106a5c5ab4869776a3e47bc510,17236
61edcc57f4d1e2001c57dc87,61edcc57f4d1e2001c57dc8a,2025-01-09,864cda15f7c2b78e8e6b63ebafaa024e,17206
61edcc57f4d1e2001c57dc87,61edcc57f4d1e2001c57dc89,2025-01-09,3a3ae5b91576cae4dcf3e65e27de8e83,17952
61edcc57f4d1e2001c57dc87,61edcc57f4d1e2001c57dc8b,2025-01-10,5c1b6b8dbdef1d45e1fd5559139bdccb,17236
61edcc57f4d1e2001c57dc87,61edcc57f4d1e2001c57dc8a,2025-01-10,eeec116e107e88fd9e3da2de8bb1b29c,17236
61edcc57f4d1e2001c57dc87,61edcc57f4d1e2001c57dc89,2025-01-10,cca3bd923f8852297b8b0e780d23d967,17810
61edcc57f4d1e2001c57dc87,61edcc57f4d1e2001c57dc8b,2025-01-11,94564b53b1e3f9bcdda0a606203bd480,17206
61edcc57f4d1e2001c57dc87,61edcc57f4d1e2001c57dc8a,2025-01-11,fb9de065c9def43512c5b85ffdd0afe1,17260
61edcc57f4d1e2001c57dc87,61edcc57f4d1e2001c57dc89,2025-01-11,115e0cda753bbc12773e16935672154c,17779
61edcc57f4d1e2001c57dc87,61edcc57f4d1e2001c57dc8b,2025-01-12,af8a3212fbab1f632d119b2c13194c37,17236
61edcc57f4d1e2001c57dc87,61edcc57f4d1e2001c57dc8a,2025-01-12,393d5b7cf9786a311a6ddfc975d4c9b7,17565
61edcc57f4d1e2001c57dc87,61edcc57f4d1e2001c57dc89,2025-01-12,887aecfa20f19fed0660cff5042f265b,17810
61edcc57f4d1e2001c57dc87,61edcc57f4d1e2001c57dc8b,2025-01-13,a9f579dd6cbe09181e632df269c38c67,17206
61edcc57f4d1e2001c57dc87,61edcc57f4d1e2001c57dc8a,2025-01-13,856490a90e98613544579629946e9f42,17726
61edcc57f4d1e2001c57dc87,61edcc57f4d1e2001c57dc89,2025-01-13,db831bf1abac7395174c0178b333ca81,17779
61edcc57f4d1e2001c57dc87,61edcc57f4d1e2001c57dc8b,2025-01-14,3aa0f1b8d2a336b6b636b2a324077d3e,17296
61edcc57f4d1e2001c57dc87,61edcc57f4d1e2001c57dc8a,2025-01-14,c697b49bbb20047dbc0c5e93564894c7,17740
61edcc57f4d1e2001c57dc87,61edcc57f4d1e2001c57dc89,2025-01-14,8b630eefb805229a400a6bb7bed5d3de,17872
61edcc57f4d1e2001c57dc87,61edcc57f4d1e2001c57dc8b,2025-01-15,c02921e3c0ba22e94635e7e709ded491,17090
61edcc57f4d1e2001c57dc87,61edcc57f4d1e2001c57dc8a,2025-01-15,92e6eb9b5a813717b8611c2c24fa3c10,17209
61edcc57f4d1e2001c57dc87,61edcc57f4d1e2001c57dc89,2025-01-15,977a32f366a2b525ef297656f2c031d0,17851
61edcc57f4d1e2001c57dc87,61edcc57f4d1e2001c57dc8b,2025-01-16,cce7a61b7be738dc4e4b17c6c513d549,17266
61edcc57f4d1e2001c57dc87,61edcc57f4d1e2001c57dc8a,2025-01-16,8becbb34d31a7a917b5bc1f5e691fb06,17266
61edcc57f4d1e2001c57dc87,61edcc57f4d1e2001c57dc89,2025-01-16,30766e452db95616508e9a7735a14acf,18291
61edcc57f4d1e2001c57dc87,61edcc57f4d1e2001c57dc8b,2025-01-17,4d18d88e35120fd48dcdbed98624179b,17268
61edcc57f4d1e2001c57dc87,61edcc57f4d1e2001c57dc8a,2025-01-17,3f64e49c63b4ea9b4cabe3a925ab40a1,17309
61edcc57f4d1e2001c57dc87,61edcc57f4d1e2001c57dc89,2025-01-17,be349b5bd545e348ddd6ed91b2e353bf,17953
61edcc57f4d1e2001c57dc87,61edcc57f4d1e2001c57dc8b,2025-01-18,1c1c2bc24fce60d191ee43270da17cf7,17344
61edcc57f4d1e2001c57dc87,61edcc57f4d1e2001c57dc8a,2025-01-18,6428369fb897128bbd4e0f1284f240c9,17872
61edcc57f4d1e2001c57dc87,61edcc57f4d1e2001c57dc89,2025-01-18,78dbbff52d60b863fa264bad3f35d72f,18000
61edcc57f4d1e2001c57dc87,61edcc57f4d1e2001c57dc8b,2025-01-19,1f546c75f9cb43cb66227c01d90355a7,17385
61edcc57f4d1e2001c57dc87,61edcc57f4d1e2001c57dc8a,2025-01-19,c8056775225fd230af3ef4ecd131bf27,17717
61edcc57f4d1e2001c57dc87,61edcc57f4d1e2001c57dc89,2025-01-19,24325a2eef6d86ef3d43016b6400fb12,18288
61edcc57f4d1e2001c57dc87,61edcc57f4d1e2001c57dc8b,2025-01-20,527fe05da4f44d03036fefebdbdbdbfa,17446
61edcc57f4d1e2001c57dc87,61edcc57f4d1e2001c57dc8a,2025-01-20,c6163638c8e5f38bd1632ba2016b87f4,17748
61edcc57f4d1e2001c57dc87,61edcc57f4d1e2001c57dc89,2025-01-20,17f2d3261e9214cfdff46868be27e497,18320
61edcc57f4d1e2001c57dc87,61edcc57f4d1e2001c57dc8b,2025-01-21,9e8fdce81a3a830cb28f09c540aad048,17341
61edcc57f4d1e2001c57dc87,61edcc57f4d1e2001c57dc8a,2025-01-21,d8244bb0596f22700a800c29393bed08,17779
61edcc57f4d1e2001c57dc87,61edcc57f4d1e2001c57dc89,2025-01-21,86ab5547a558698bce8caf2e5fd73a2b,18334
61edcc57f4d1e2001c57dc87,61edcc57f4d1e2001c57dc8b,2025-01-22,5f360591293a90f474f08c05ce801b7c,17206
61edcc57f4d1e2001c57dc87,61edcc57f4d1e2001c57dc8a,2025-01-22,41aa1d903ae99e27aebc2416d6e8d7c7,17779
61edcc57f4d1e2001c57dc87,61edcc57f4d1e2001c57dc89,2025-01-22,a25331dcfbf5affb8a1efcaf05a27c04,18221
61edcc57f4d1e2001c57dc87,61edcc57f4d1e2001c57dc8b,2025-01-24,5c3ced76add9e0103eb3751f843c7d40,17329
61edcc57f4d1e2001c57dc87,61edcc57f4d1e2001c57dc8a,2025-01-24,b37f01cd38bd33e79f56250c0712eed1,17601
61edcc57f4d1e2001c57dc87,61edcc57f4d1e2001c57dc89,2025-01-24,b810e15ddd52f30d233164542809124b,18177
61edcc57f4d1e2001c57dc87,61edcc57f4d1e2001c57dc8b,2025-01-25,30068f6ecf0aaf9acf199b9d43acea45,17505
61edcc57f4d1e2001c57dc87,61edcc57f4d1e2001c57dc8a,2025-01-25,25adc2fe2c370c96dbe4fac5c2e46f23,17236
61edcc57f4d1e2001c57dc87,61edcc57f4d1e2001c57dc89,2025-01-25,3136782ba73fae83a453a2a6c8cf062e,18384
61edcc57f4d1e2001c57dc87,61edcc57f4d1e2001c57dc8b,2025-01-26,53ed048442d375711064ac993056c9d5,15300
61edcc57f4d1e2001c57dc87,61edcc57f4d1e2001c57dc8a,2025-01-26,7e67b91469ca1d669e0498f369d03906,15307
61edcc57f4d1e2001c57dc87,61edcc57f4d1e2001c57dc89,2025-01-26,69fe44d064960eb8ab45e60661790d65,16005
61edcc57f4d1e2001c57dc87,61edcc57f4d1e2001c57dc8b,2025-01-27,2d7b8dc2f3c819b6f847d10b0df9a241,16677
61edcc57f4d1e2001c57dc87,61edcc57f4d1e2001c57dc8a,2025-01-27,26fd43fdd69b7b3dcf701f8030b2e6e3,16606
61edcc57f4d1e2001c57dc87,61edcc57f4d1e2001c57dc89,2025-01-27,fccac9543a51503c2e79c1a8472d4a44,17346
61edcc57f4d1e2001c57dc87,61edcc57f4d1e2001c57dc8b,2025-01-29,80d29f8afc53d103a05e262d9e2267cd,17176
61edcc57f4d1e2001c57dc87,61edcc57f4d1e2001c57dc8a,2025-01-29,b9bd907c6b696c931fd14b1a096b650e,17291
61edcc57f4d1e2001c57dc87,61edcc57f4d1e2001c57dc89,2025-01-29,69c8626c2a5205d02a97b74ebbb5039d,17748
61edcc57f4d1e2001c57dc87,61edcc57f4d1e2001c57dc8b,2025-01-30,0f6bbb88922ab3857abfe7476cc89905,16936
61edcc57f4d1e2001c57dc87,61edcc57f4d1e2001c57dc8a,2025-01-30,5972c68af4f4726b2d69f67b747d3bc9,17159
61edcc57f4d1e2001c57dc87,61edcc57f4d1e2001c57dc89,2025-01-30,cb49be9a093ad28d64c633806c0fa16a,17531
61edcc57f4d1e2001c57dc87,61edcc57f4d1e2001c57dc8b,2025-01-31,bbfd279923d1a7fd7f0db9cc0e20d793,16516
61edcc57f4d1e2001c57dc87,61edcc57f4d1e2001c57dc8a,2025-01-31,cb4e8a20cdb35e4069d6f5f0ce296aba,16641
61edcc57f4d1e2001c57dc87,61edcc57f4d1e2001c57dc89,2025-01-31,a63347ffd2632dd6923c66f1bed45349,17076
620d4c8be00700001bf99c92,620d4c8be00700001bf99c96,2025-01-01,b81b19d65c4ee5ca1e1389462e56605b,21127
620d4c8be00700001bf99c92,620d4c8be00700001bf99c95,2025-01-01,a587c2904110627d1ec21226871e5cf7,21127
620d4c8be00700001bf99c92,620d4c8be00700001bf99c94,2025-01-01,439c5a08a930d6167643be0caff7c8a1,21808
620d4c8be00700001bf99c92,620d4c8be00700001bf99c96,2025-01-02,c1fe140a5955c4d856fca42f4160c865,21119
620d4c8be00700001bf99c92,620d4c8be00700001bf99c95,2025-01-02,b57cd21a6c66b4338bb6048878f67aa0,20859
620d4c8be00700001bf99c92,620d4c8be00700001bf99c94,2025-01-02,6a3c4f0f8f01fbd8d4e71b88f6ff70ef,21872
620d4c8be00700001bf99c92,620d4c8be00700001bf99c96,2025-01-03,a960c3a7251c64400cc86f25791cb9a5,20506
620d4c8be00700001bf99c92,620d4c8be00700001bf99c95,2025-01-03,5e78ce800acd4be3214e1c89a8e3b0be,20506
620d4c8be00700001bf99c92,620d4c8be00700001bf99c94,2025-01-03,04e58b70f642da74e50249b221563ae4,21516
620d4c8be00700001bf99c92,620d4c8be00700001bf99c96,2025-01-04,f5f65bcd6a2fa01a175f5833c091e17e,20656
620d4c8be00700001bf99c92,620d4c8be00700001bf99c95,2025-01-04,c0632dc13ac2e1a8393b20739ebaa191,20667
620d4c8be00700001bf99c92,620d4c8be00700001bf99c94,2025-01-04,fcb69009b3f55ed4ecbdfc57c33d81f7,21413
620d4c8be00700001bf99c92,620d4c8be00700001bf99c96,2025-01-05,ead6048c1f1d22b0ea9f4f4206f30742,20945
620d4c8be00700001bf99c92,620d4c8be00700001bf99c95,2025-01-05,de10950e835407262f0b9fdc96a26f11,20818
620d4c8be00700001bf99c92,620d4c8be00700001bf99c94,2025-01-05,db240e821b1812acadd39a783e255ebd,22032
620d4c8be00700001bf99c92,620d4c8be00700001bf99c96,2025-01-06,ce267948a162e9b7c30611700891d11f,21313
620d4c8be00700001bf99c92,620d4c8be00700001bf99c95,2025-01-06,44b06c699046000a79e758f11205c40b,20626
620d4c8be00700001bf99c92,620d4c8be00700001bf99c94,2025-01-06,e0de2baba45337baf4256b5eb5bc5cb1,22000
620d4c8be00700001bf99c92,620d4c8be00700001bf99c96,2025-01-07,8eeda47d2e7e0b32bf431d477ca0cec4,20648
620d4c8be00700001bf99c92,620d4c8be00700001bf99c95,2025-01-07,ea0c259d25876fd106da2445e879c4b4,20596
620d4c8be00700001bf99c92,620d4c8be00700001bf99c94,2025-01-07,d4664dea659419978a4805be34e651fd,21842
620d4c8be00700001bf99c92,620d4c8be00700001bf99c96,2025-01-08,5b542b2ac2a0ec5baa1de42ded3c2138,20596
620d4c8be00700001bf99c92,620d4c8be00700001bf99c95,2025-01-08,8f28d56669f03436e6aa2d5de5da02a5,20712
620d4c8be00700001bf99c92,620d4c8be00700001bf99c94,2025-01-08,c2fad0487f4c4f5f109a8701ff614895,21692
620d4c8be00700001bf99c92,620d4c8be00700001bf99c96,2025-01-09,04ed77deb8b6305b22c002e8fbd0a0dd,20584
620d4c8be00700001bf99c92,620d4c8be00700001bf99c95,2025-01-09,efdac4230f6add4f20abfb88db96a74e,20536
620d4c8be00700001bf99c92,620d4c8be00700001bf99c94,2025-01-09,4f77bf39b7a62c5c79bf14960c091b9d,21854
620d4c8be00700001bf99c92,620d4c8be00700001bf99c96,2025-01-10,6e59e1b1d1f4823cad2fda06b8a26a3c,20506
620d4c8be00700001bf99c92,620d4c8be00700001bf99c95,2025-01-10,e13101f8bab43970051426c029f9ccbb,20506
620d4c8be00700001bf99c92,620d4c8be00700001bf99c94,2025-01-10,cb93b7c990765a0598473a39a6bfcd2f,21189
620d4c8be00700001bf99c92,620d4c8be00700001bf99c96,2025-01-11,a7c5b1ed20b5bced8d3b18977f723956,20626
620d4c8be00700001bf99c92,620d4c8be00700001bf99c95,2025-01-11,cabe8645541df3ed9e48684e014a2bcb,20626
620d4c8be00700001bf99c92,620d4c8be00700001bf99c94,2025-01-11,1e6dcd28b9eaef192a4eb2542d53d5d2,21313
620d4c8be00700001bf99c92,620d4c8be00700001bf99c96,2025-01-12,f7e80e3ad2cdf867a582c373713337f3,20566
620d4c8be00700001bf99c92,620d4c8be00700001bf99c95,2025-01-12,47965dc0a0e33c0f31b434a170585aae,20566
620d4c8be00700001bf99c92,620d4c8be00700001bf99c94,2025-01-12,bd4725895650f151de54cfa998256c64,21418
620d4c8be00700001bf99c92,620d4c8be00700001bf99c96,2025-01-13,dc6a7cf94e7e72c4c6ed5220914ff41d,20566
620d4c8be00700001bf99c92,620d4c8be00700001bf99c95,2025-01-13,19b91509ca9c9467df3301cf9cbd9590,20566
620d4c8be00700001bf99c92,620d4c8be00700001bf99c94,2025-01-13,c99d67a006fd6899e9bd1dba0df1ad99,21251
620d4c8be00700001bf99c92,620d4c8be00700001bf99c96,2025-01-14,299e3a1794c067d84ef97a47ca002508,20697
620d4c8be00700001bf99c92,620d4c8be00700001bf99c95,2025-01-14,a0d9bf318381605c0d11a6d7f61645dd,20797
620d4c8be00700001bf99c92,620d4c8be00700001bf99c94,2025-01-14,662791be6d8bcbbe8b1d5d716a59aaf5,21318
620d4c8be00700001bf99c92,620d4c8be00700001bf99c96,2025-01-15,a93a9b77f4418e47e0001332d707d802,20842
620d4c8be00700001bf99c92,620d4c8be00700001bf99c95,2025-01-15,758bc72c4c1a613ef4b5e56dcb55348a,20626
620d4c8be00700001bf99c92,620d4c8be00700001bf99c94,2025-01-15,c2f1df88e8e2a9fec2728c6656a74c2b,21896
620d4c8be00700001bf99c92,620d4c8be00700001bf99c96,2025-01-16,17ff9ea84ea82f65045438efb67feddd,20641
620d4c8be00700001bf99c92,620d4c8be00700001bf99c95,2025-01-16,2271c76d801f99d68892f35e52afa293,20626
620d4c8be00700001bf99c92,620d4c8be00700001bf99c94,2025-01-16,bcc4dd06812e84b9c5a3014d4eb7aa11,22000
620d4c8be00700001bf99c92,620d4c8be00700001bf99c96,2025-01-17,8fe31e8f35d8cc6014462eb0c96d659d,20772
620d4c8be00700001bf99c92,620d4c8be00700001bf99c95,2025-01-17,84416dd6f34d00bb6490d0cfdc993b9f,20566
620d4c8be00700001bf99c92,620d4c8be00700001bf99c94,2025-01-17,1d5c65f6385bbf52824889d03133e418,21906
620d4c8be00700001bf99c92,620d4c8be00700001bf99c96,2025-01-18,93c34179c8f21757554c14bc842cda8c,20625
620d4c8be00700001bf99c92,620d4c8be00700001bf99c95,2025-01-18,b4244f9b204e7e4ac4547c1749b6b3ad,20372
620d4c8be00700001bf99c92,620d4c8be00700001bf99c94,2025-01-18,3fe5e7650b3fd36b29f9a834f69d228d,21712
620d4c8be00700001bf99c92,620d4c8be00700001bf99c96,2025-01-19,04bab80d6d39fb631957e8aad794651d,21051
620d4c8be00700001bf99c92,620d4c8be00700001bf99c95,2025-01-19,ca4b7810366a8ba8f1f4d1339f0e28b4,21071
620d4c8be00700001bf99c92,620d4c8be00700001bf99c94,2025-01-19,94082f5c25aaf96e0ac94ad0eb87e600,21904
620d4c8be00700001bf99c92,620d4c8be00700001bf99c96,2025-01-20,f6c888eb26acc1816ab6776160830d44,20692
620d4c8be00700001bf99c92,620d4c8be00700001bf99c95,2025-01-20,7b46c35041dc461e32e96addcc799ad1,20867
620d4c8be00700001bf99c92,620d4c8be00700001bf99c94,2025-01-20,b690adcc83381490b005d9a0b528a2a3,21904
620d4c8be00700001bf99c92,620d4c8be00700001bf99c96,2025-01-21,009e5d6f5091aa71f4fc561e7d2b98be,20566
620d4c8be00700001bf99c92,620d4c8be00700001bf99c95,2025-01-21,c44f196b740ad765c7fada380372a1dd,20583
620d4c8be00700001bf99c92,620d4c8be00700001bf99c94,2025-01-21,a86b7b43cd0b71d18a96741a02ebc164,21904
620d4c8be00700001bf99c92,620d4c8be00700001bf99c96,2025-01-22,e1c9984a825782dc12f6eb853378ee3b,20288
620d4c8be00700001bf99c92,620d4c8be00700001bf99c95,2025-01-22,3f18e7d48ca6fa40edc3a5802c3ca80a,20538
620d4c8be00700001bf99c92,620d4c8be00700001bf99c94,2025-01-22,c940972d50aed83492ffd0c0aa21787e,21904
620d4c8be00700001bf99c92,620d4c8be00700001bf99c96,2025-01-24,2c58cc26a5ff913727e4e1a87cb3508f,20639
620d4c8be00700001bf99c92,620d4c8be00700001bf99c95,2025-01-24,d468f76a86832150f7c1a4bb502e62bb,20536
620d4c8be00700001bf99c92,620d4c8be00700001bf99c94,2025-01-24,999959e3cfdbbeb9407832257d8599ea,21904
620d4c8be00700001bf99c92,620d4c8be00700001bf99c96,2025-01-25,c968e95e5983b5533b5a467d9ee1a4cf,20667
620d4c8be00700001bf99c92,620d4c8be00700001bf99c95,2025-01-25,d80c320a0aba728fdb185c8bf6563f41,20566
620d4c8be00700001bf99c92,620d4c8be00700001bf99c94,2025-01-25,fc438b9d2391310c66921b273e690190,21936
620d4c8be00700001bf99c92,620d4c8be00700001bf99c96,2025-01-26,e849a6a9a7756d3f0a5f1585a28aa9bb,18357
620d4c8be00700001bf99c92,620d4c8be00700001bf99c95,2025-01-26,7413b189ff8314ff72353ff218276387,18742
620d4c8be00700001bf99c92,620d4c8be00700001bf99c94,2025-01-26,d4219be0ac2d94cd695a5930fdc61c6f,19433
620d4c8be00700001bf99c92,620d4c8be00700001bf99c96,2025-01-27,95ab94c4cc647b3fda6f745492565723,20267
620d4c8be00700001bf99c92,620d4c8be00700001bf99c95,2025-01-27,cb5a55be9296650c75c0773b96baec19,20281
620d4c8be00700001bf99c92,620d4c8be00700001bf99c94,2025-01-27,e57834ee88675f8ccab6f7d629bba93c,21372
620d4c8be00700001bf99c92,620d4c8be00700001bf99c96,2025-01-29,68ac9edd27b58d594de83a5e2b403dcd,20596
620d4c8be00700001bf99c92,620d4c8be00700001bf99c95,2025-01-29,40b8a8e2e8017c7a627bc0f4486ec208,20807
620d4c8be00700001bf99c92,620d4c8be00700001bf99c94,2025-01-29,f853e21beee68e96044d77dda3aa7c6e,21808
620d4c8be00700001bf99c92,620d4c8be00700001bf99c96,2025-01-30,dd3568bf5c2fb4c25d4b20c8702add29,20483
620d4c8be00700001bf99c92,620d4c8be00700001bf99c95,2025-01-30,68eafb086670a2e2154db091e70e620c,20583
620d4c8be00700001bf99c92,620d4c8be00700001bf99c94,2025-01-30,5f97d2c4739ae3d4ff36396cb4e5b110,21683
620d4c8be00700001bf99c92,620d4c8be00700001bf99c96,2025-01-31,c02e51e9f04b8766f02696b4244e00b3,19585
620d4c8be00700001bf99c92,620d4c8be00700001bf99c95,2025-01-31,0a31e50c63f3c8881ba98afef3b16910,19636
620d4c8be00700001bf99c92,620d4c8be00700001bf99c94,2025-01-31,8e235f3383b18161332c51317ffd67f2,20470
5c532a5135809500190b39cb,5c532a5135809500190b39ce,2025-01-01,718a75d3d41b86c7562eebf078a12caf,8471
5c532a5135809500190b39cb,5c532a5135809500190b39cd,2025-01-01,1a15715b255ed3affd3856ab0c9e46c7,8206
5c532a5135809500190b39cb,5c532a5135809500190b39cc,2025-01-01,0af30caf5a399e79ed59a650667d7d91,8479
5c532a5135809500190b39cb,5c532a5135809500190b39ce,2025-01-02,351573ff0fd9d5a5bfd10c7575197e2a,8310
5c532a5135809500190b39cb,5c532a5135809500190b39cd,2025-01-02,5d7f0057b6ff4bd15d9263c189e68706,8234
5c532a5135809500190b39cb,5c532a5135809500190b39cc,2025-01-02,846d1609c5f94bd52ba8ca5e7a68e240,8479
5c532a5135809500190b39cb,5c532a5135809500190b39ce,2025-01-03,ba56125559c983c236922f549382b3f1,8266
5c532a5135809500190b39cb,5c532a5135809500190b39cd,2025-01-03,cb112f6a817621c1c337cb01c0129484,8518
5c532a5135809500190b39cb,5c532a5135809500190b39cc,2025-01-03,21c1260aae1e2236bf57e0111ffb9ca2,8541
5c532a5135809500190b39cb,5c532a5135809500190b39ce,2025-01-04,bca9109ec94a657621850331f0a6e26b,8356
5c532a5135809500190b39cb,5c532a5135809500190b39cd,2025-01-04,1ef519c72e0051a75d9cd9b72dd882a9,8490
5c532a5135809500190b39cb,5c532a5135809500190b39cc,2025-01-04,65ba2f506dd8130cfbc2026620f7f1bd,8634
5c532a5135809500190b39cb,5c532a5135809500190b39ce,2025-01-05,16015387f66a2d0a1fc341a68b99650f,8326
5c532a5135809500190b39cb,5c532a5135809500190b39cd,2025-01-05,b89482f6948697ad2f57761d19097d76,8396
5c532a5135809500190b39cb,5c532a5135809500190b39cc,2025-01-05,49d4f01e9545567d8925e4a4b86a0784,8603
5c532a5135809500190b39cb,5c532a5135809500190b39ce,2025-01-06,9cc25f350dbe432d003ed9d78466bc92,3766
5c532a5135809500190b39cb,5c532a5135809500190b39cd,2025-01-06,4cae3a160d63118898c0fa4d96cbc0c9,3891
5c532a5135809500190b39cb,5c532a5135809500190b39cc,2025-01-06,04f190fc3d93dd81e8d585ce791b47d3,3891
5c532a5135809500190b39cb,5c532a5135809500190b39ce,2025-01-07,86cab7caf42dc738e040c4f9afa273e0,8386
5c532a5135809500190b39cb,5c532a5135809500190b39cd,2025-01-07,4437a1b139681fc754e0b0d7990bfd9d,8651
5c532a5135809500190b39cb,5c532a5135809500190b39cc,2025-01-07,c677fd2228db49e01d506e7385d49cfe,8665
5c532a5135809500190b39cb,5c532a5135809500190b39ce,2025-01-08,9c59420204c5a19fa52578a746a40fd4,8386
5c532a5135809500190b39cb,5c532a5135809500190b39cd,2025-01-08,a38f01e88c8a6bebad1b079d18950fb0,8665
5c532a5135809500190b39cb,5c532a5135809500190b39cc,2025-01-08,3f720690a23b79e4c72c629c2b0771c5,8665
5c532a5135809500190b39cb,5c532a5135809500190b39ce,2025-01-09,0c546fa856e755f6c343bfe72a739fdf,8388
5c532a5135809500190b39cb,5c532a5135809500190b39cd,2025-01-09,0700835262abe546365ebf250f724204,8665
5c532a5135809500190b39cb,5c532a5135809500190b39cc,2025-01-09,e660aae1d62da742ea4c40c7299b7b66,8665
5c532a5135809500190b39cb,5c532a5135809500190b39ce,2025-01-10,9727496a658f78fa0f3af6e49116805c,8416
5c532a5135809500190b39cb,5c532a5135809500190b39cd,2025-01-10,1698730fce019f5d6ca599f11c540d7a,8696
5c532a5135809500190b39cb,5c532a5135809500190b39cc,2025-01-10,1d7b098df90f7f21d88301834d76327b,8696
5c532a5135809500190b39cb,5c532a5135809500190b39ce,2025-01-11,de4fce28ac9011ef68ba4be7426257b0,5626
5c532a5135809500190b39cb,5c532a5135809500190b39cd,2025-01-11,d65abd66d0ab163fccd3e5aba24bb9b1,5793
5c532a5135809500190b39cb,5c532a5135809500190b39cc,2025-01-11,0b79af2c89fa267ed94c65765d2e8b1b,5813
5c532a5135809500190b39cb,5c532a5135809500190b39ce,2025-01-25,d6bfb3b9717c53fe1ddbc893c2da727b,4486
5c532a5135809500190b39cb,5c532a5135809500190b39cd,2025-01-25,016371b92a409b4523222b31bcc44828,4635
5c532a5135809500190b39cb,5c532a5135809500190b39cc,2025-01-25,9d4801293c776c992908b273ccb03658,4635
5c532a5135809500190b39cb,5c532a5135809500190b39ce,2025-01-26,8de5b0faf86c909f200f54be9ed9141f,7877
5c532a5135809500190b39cb,5c532a5135809500190b39cd,2025-01-26,43bfd63dec48bb185ad6867351f54211,8138
5c532a5135809500190b39cb,5c532a5135809500190b39cc,2025-01-26,2ea8bb30ec820f296f088578e2e0193c,8138
5c532a5135809500190b39cb,5c532a5135809500190b39ce,2025-01-27,b0c0c229542bbe2d3cdfb45f09354851,8268
5c532a5135809500190b39cb,5c532a5135809500190b39cd,2025-01-27,785b08a64f1871198cca742194a2cdb4,8541
5c532a5135809500190b39cb,5c532a5135809500190b39cc,2025-01-27,fa313608603c8184d066210972feda7c,8541
5c532a5135809500190b39cb,5c532a5135809500190b39ce,2025-01-29,83ffe20a504e41bd8237a7af3c4dd92f,8416
5c532a5135809500190b39cb,5c532a5135809500190b39cd,2025-01-29,9130efbf8d24c485142a10ce0dea3bb6,8696
5c532a5135809500190b39cb,5c532a5135809500190b39cc,2025-01-29,0d09df15a0ee2e0ac9f05464d7275d20,8696
5c532a5135809500190b39cb,5c532a5135809500190b39ce,2025-01-30,f9cab471bc13bab24b0a968c3b76833a,8326
5c532a5135809500190b39cb,5c532a5135809500190b39cd,2025-01-30,77303938ba4ca488f95be6fd34949460,8603
5c532a5135809500190b39cb,5c532a5135809500190b39cc,2025-01-30,dec1016fac011bafa2f51547d3ac05a3,8603
5c532a5135809500190b39cb,5c532a5135809500190b39ce,2025-01-31,5d259bb36b2f94384b90203e3b308ad9,8176
5c532a5135809500190b39cb,5c532a5135809500190b39cd,2025-01-31,55c32b03994a078d3ead11984126c637,8448
5c532a5135809500190b39cb,5c532a5135809500190b39cc,2025-01-31,00938be40d76166f8213800925aab7c6,8448
